<?xml version="1.0" encoding="UTF-8"?>
<project-private xmlns="http://www.netbeans.org/ns/project-private/1">
    <editor-bookmarks xmlns="http://www.netbeans.org/ns/editor-bookmarks/2" lastBookmarkId="0"/>
    <open-files xmlns="http://www.netbeans.org/ns/projectui-open-files/2">
        <group>
            <file>file:/D:/Programación/Trabajo_final/metrica_proyecto/Trabajo_final/src/trabajo_final/Iniciar_sesion.java</file>
            <file>file:/D:/Programación/Trabajo_final/metrica_proyecto/Trabajo_final/src/trabajo_final/Factura.java</file>
            <file>file:/D:/Programación/Trabajo_final/metrica_proyecto/Trabajo_final/src/Datos/ProductoDAO.java</file>
            <file>file:/D:/Programación/Trabajo_final/metrica_proyecto/Trabajo_final/src/Datos/Registro_Usuario.java</file>
            <file>file:/D:/Programación/Trabajo_final/metrica_proyecto/Trabajo_final/src/entidades/Cesta.java</file>
            <file>file:/D:/Programación/Trabajo_final/metrica_proyecto/Trabajo_final/src/Datos/Conexion_Base_de_Datos.java</file>
            <file>file:/D:/Programación/Trabajo_final/metrica_proyecto/Trabajo_final/src/Datos/CategoriaDAO.java</file>
            <file>file:/D:/Programación/Trabajo_final/metrica_proyecto/Trabajo_final/build.xml</file>
            <file>file:/D:/Programación/Trabajo_final/metrica_proyecto/Trabajo_final/src/trabajo_final/Pantalla_Inicio_Iniciada_sesion.java</file>
            <file>file:/D:/Programación/Trabajo_final/metrica_proyecto/Trabajo_final/src/entidades/Categoria.java</file>
            <file>file:/D:/Programación/Trabajo_final/metrica_proyecto/Trabajo_final/src/Datos/Loguearse.java</file>
            <file>file:/D:/Programación/Trabajo_final/metrica_proyecto/Trabajo_final/src/trabajo_final/Pantalla_Inicio.java</file>
            <file>file:/D:/Programación/Trabajo_final/metrica_proyecto/Trabajo_final/src/entidades/Producto.java</file>
        </group>
    </open-files>
</project-private>
